mc	mn	quarterbeats	quarterbeats_all_endings	duration_qb	mc_onset	mn_onset	event	timesig	staff	voice	duration	gracenote	nominal_duration	scalar	chord_id	lyrics_1	dynamics	articulation	tempo	qpm	tempo_visible	slur	diminuendo_line	crescendo_hairpin	decrescendo_hairpin
1	0	0	0	0.0	0	5/8	Tempo	6/8	1	1	0								Nichtschnell,immersehrleise.	80.0	1.0				
1	0	0	0	0.5	0	5/8	Chord	6/8	1	1	1/8		1/8	1	0	Es									
2	1	1/2	1/2	0.5	0	0	Chord	6/8	1	1	1/8		1/8	1	1	weiss									
2	1	3/2	3/2	0.5	1/4	1/4	Chord	6/8	1	1	1/8		1/8	1	2	und									
2	1	2	2	0.75	3/8	3/8	Chord	6/8	1	1	3/16		1/8	3/2	3	räth									
2	1	11/4	11/4	0.25	9/16	9/16	Chord	6/8	1	1	1/16		1/16	1	4	es 									
2	1	3	3	0.5	5/8	5/8	Chord	6/8	1	1	1/8		1/8	1	5	doch									
2	1	1/2	1/2	0.0	0	0	Dynamic	6/8	2	1	0						p								
2	1	1/2	1/2	0.5	0	0	Chord	6/8	2	1	1/8		1/8	1	6			articStaccatoBelow							
2	1	3/2	3/2	0.5	1/4	1/4	Chord	6/8	2	1	1/8		1/8	1	7			articStaccatoBelow							
2	1	2	2	0.5	3/8	3/8	Chord	6/8	2	1	1/8		1/8	1	8			articStaccatoBelow							
2	1	3	3	0.5	5/8	5/8	Chord	6/8	2	1	1/8		1/8	1	9			articStaccatoBelow							
2	1	1/2	1/2	0.5	0	0	Chord	6/8	3	1	1/8		1/8	1	10			articStaccatoAbove							
2	1	3/2	3/2	0.5	1/4	1/4	Chord	6/8	3	1	1/8		1/8	1	11			articStaccatoAbove							
2	1	2	2	0.5	3/8	3/8	Chord	6/8	3	1	1/8		1/8	1	12			articStaccatoAbove							
2	1	3	3	0.5	5/8	5/8	Chord	6/8	3	1	1/8		1/8	1	13			articStaccatoAbove							
3	2	7/2	7/2	1.5	0	0	Chord	6/8	1	1	3/8		1/4	3/2	14	Kei-									
3	2	5	5	1.0	3/8	3/8	Chord	6/8	1	1	1/4		1/4	1	15	-ner,									
3	2	7/2	7/2	1.5	0	0	Chord	6/8	2	1	3/8		1/4	3/2	16							0			
3	2	5	5	1.0	3/8	3/8	Chord	6/8	2	1	1/4		1/4	1	17										
3	2	7/2	7/2	1.5	0	0	Chord	6/8	3	1	3/8		1/4	3/2	18										
3	2	5	5	1.0	3/8	3/8	Chord	6/8	3	1	1/4		1/4	1	19										
4	3	13/2	13/2	0.0	0	0	Spanner	6/8	1	1	0													0	
4	3	13/2	13/2	0.5	0	0	Chord	6/8	1	1	1/8		1/8	1	20	wie								0	
4	3	7	7	0.5	1/8	1/8	Chord	6/8	1	1	1/8		1/8	1	21	mir								0	
4	3	15/2	15/2	0.5	1/4	1/4	Chord	6/8	1	1	1/8		1/8	1	22	so								0	
4	3	8	8	0.0	3/8	3/8	Spanner	6/8	1	1	0														
4	3	8	8	0.0	3/8	3/8	Spanner	6/8	1	1	0														0
4	3	8	8	0.75	3/8	3/8	Chord	6/8	1	1	3/16		1/8	3/2	23	wohl									0
4	3	35/4	35/4	0.25	9/16	9/16	Chord	6/8	1	1	1/16		1/16	1	24	ist,									0
4	3	9	9	0.5	5/8	5/8	Chord	6/8	1	1	1/8		1/8	1	25	so									0
4	3	13/2	13/2	0.5	0	0	Chord	6/8	2	1	1/8		1/8	1	26			articStaccatoBelow							
4	3	8	8	0.5	3/8	3/8	Chord	6/8	2	1	1/8		1/8	1	27			articStaccatoBelow							
4	3	13/2	13/2	0.5	0	0	Chord	6/8	3	1	1/8		1/8	1	28			articStaccatoAbove							
4	3	8	8	0.5	3/8	3/8	Chord	6/8	3	1	1/8		1/8	1	29			articStaccatoAbove							
5	4	19/2	19/2	1.0	0	0	Chord	6/8	1	1	1/4		1/4	1	30	wohl!									0
5	4	21/2	21/2	0.0	1/4	1/4	Spanner	6/8	1	1	0														
5	4	12	12	0.5	5/8	5/8	Chord	6/8	1	1	1/8		1/8	1	31	Ach,									
5	4	19/2	19/2	0.5	0	0	Chord	6/8	2	1	1/8		1/8	1	32			articStaccatoBelow							
5	4	19/2	19/2	0.5	0	0	Chord	6/8	3	1	1/8		1/8	1	33			articStaccatoAbove							
6	5	25/2	25/2	0.75	0	0	Chord	6/8	1	1	3/16		1/8	3/2	34	wüsst'									
6	5	53/4	53/4	0.25	3/16	3/16	Chord	6/8	1	1	1/16		1/16	1	35	es									
6	5	27/2	27/2	0.5	1/4	1/4	Chord	6/8	1	1	1/8		1/8	1	36	nur									
6	5	14	14	0.5	3/8	3/8	Chord	6/8	1	1	1/8		1/8	1	37	Ei-									
6	5	29/2	29/2	0.5	1/2	1/2	Chord	6/8	1	1	1/8		1/8	1	38	-ner,									
6	5	15	15	0.5	5/8	5/8	Chord	6/8	1	1	1/8		1/8	1	39	nur									
6	5	25/2	25/2	0.5	0	0	Chord	6/8	2	1	1/8		1/8	1	40			articStaccatoBelow							
6	5	27/2	27/2	0.5	1/4	1/4	Chord	6/8	2	1	1/8		1/8	1	41			articStaccatoBelow							
6	5	14	14	0.5	3/8	3/8	Chord	6/8	2	1	1/8		1/8	1	42			articStaccatoBelow							
6	5	15	15	0.5	5/8	5/8	Chord	6/8	2	1	1/8		1/8	1	43			articStaccatoBelow							
6	5	25/2	25/2	0.5	0	0	Chord	6/8	3	1	1/8		1/8	1	44			articStaccatoAbove							
6	5	27/2	27/2	0.5	1/4	1/4	Chord	6/8	3	1	1/8		1/8	1	45			articStaccatoAbove							
6	5	14	14	0.5	3/8	3/8	Chord	6/8	3	1	1/8		1/8	1	46			articStaccatoAbove							
6	5	15	15	0.5	5/8	5/8	Chord	6/8	3	1	1/8		1/8	1	47			articStaccatoAbove							
7	6	31/2	31/2	0.0	0	0	Spanner	6/8	1	1	0													1	
7	6	31/2	31/2	1.5	0	0	Chord	6/8	1	1	3/8		1/4	3/2	48	Ei-								1	
7	6	17	17	1.0	3/8	3/8	Chord	6/8	1	1	1/4		1/4	1	49	-ner,								1	
7	6	18	18	0.0	5/8	5/8	Spanner	6/8	1	1	0														
7	6	18	18	0.5	5/8	5/8	Chord	6/8	1	1	1/8		1/8	1	50	kein									
7	6	31/2	31/2	0.0	0	0	Spanner	6/8	2	1	0													2	
7	6	31/2	31/2	1.5	0	0	Chord	6/8	2	1	3/8		1/4	3/2	51									2	
7	6	17	17	0.0	3/8	3/8	Spanner	6/8	2	1	0														
7	6	17	17	1.5	3/8	3/8	Chord	6/8	2	1	3/8		1/4	3/2	52							1			
7	6	31/2	31/2	1.5	0	0	Chord	6/8	3	1	3/8		1/4	3/2	53										
7	6	17	17	1.5	3/8	3/8	Chord	6/8	3	1	3/8		1/4	3/2	54							2			
8	7	37/2	37/2	0.5	0	0	Chord	6/8	1	1	1/8		1/8	1	55	Mensch									
8	7	19	19	0.5	1/8	1/8	Chord	6/8	1	1	1/8		1/8	1	56	es									
8	7	39/2	39/2	0.5	1/4	1/4	Chord	6/8	1	1	1/8		1/8	1	57	sonst									
8	7	20	20	0.0	3/8	3/8	Spanner	6/8	1	1	0														1
8	7	20	20	0.5	3/8	3/8	Chord	6/8	1	1	1/8		1/8	1	58	wis-						3			1
8	7	41/2	41/2	0.5	1/2	1/2	Chord	6/8	1	1	1/8		1/8	1	59										1
8	7	21	21	0.0	5/8	5/8	Spanner	6/8	1	1	0														
8	7	21	21	0.5	5/8	5/8	Chord	6/8	1	1	1/8		1/8	1	60	-sen									
8	7	37/2	37/2	0.5	0	0	Chord	6/8	2	1	1/8		1/8	1	61										
8	7	39/2	39/2	0.5	1/4	1/4	Chord	6/8	2	1	1/8		1/8	1	62										
8	7	20	20	0.5	3/8	3/8	Chord	6/8	2	1	1/8		1/8	1	63										
8	7	21	21	0.5	5/8	5/8	Chord	6/8	2	1	1/8		1/8	1	64			articStaccatoAbove				4			
8	7	37/2	37/2	0.5	0	0	Chord	6/8	3	1	1/8		1/8	1	65										
8	7	39/2	39/2	0.5	1/4	1/4	Chord	6/8	3	1	1/8		1/8	1	66										
8	7	20	20	0.5	3/8	3/8	Chord	6/8	3	1	1/8		1/8	1	67										
8	7	21	21	0.5	5/8	5/8	Chord	6/8	3	1	1/8		1/8	1	68			articStaccatoAbove				5			
9	8	43/2	43/2	0.5	0	0	Chord	6/8	1	1	1/8		1/8	1	69	sollt'!									
9	8	24	24	0.0	5/8	5/8	Dynamic	6/8	1	1	0						p								
9	8	24	24	0.5	5/8	5/8	Chord	6/8	1	1	1/8		1/8	1	70	So									
9	8	43/2	43/2	0.5	0	0	Chord	6/8	2	1	1/8		1/8	1	71			articStaccatoAbove							
9	8	45/2	45/2	0.0	1/4	1/4	Dynamic	6/8	2	1	0						p								
9	8	45/2	45/2	0.5	1/4	1/4	Chord	6/8	2	1	1/8		1/8	1	72			articStaccatoBelow							
9	8	23	23	0.5	3/8	3/8	Chord	6/8	2	1	1/8		1/8	1	73			articStaccatoBelow							
9	8	24	24	0.5	5/8	5/8	Chord	6/8	2	1	1/8		1/8	1	74			articStaccatoBelow							
9	8	43/2	43/2	0.5	0	0	Chord	6/8	3	1	1/8		1/8	1	75			articStaccatoAbove							
9	8	45/2	45/2	0.5	1/4	1/4	Chord	6/8	3	1	1/8		1/8	1	76			articStaccatoAbove							
9	8	23	23	0.5	3/8	3/8	Chord	6/8	3	1	1/8		1/8	1	77			articStaccatoAbove							
9	8	24	24	0.5	5/8	5/8	Chord	6/8	3	1	1/8		1/8	1	78			articStaccatoAbove							
10	9	49/2	49/2	0.5	0	0	Chord	6/8	1	1	1/8		1/8	1	79	still									
10	9	25	25	0.5	1/8	1/8	Chord	6/8	1	1	1/8		1/8	1	80	ist's									
10	9	51/2	51/2	0.5	1/4	1/4	Chord	6/8	1	1	1/8		1/8	1	81	nicht									
10	9	26	26	0.5	3/8	3/8	Chord	6/8	1	1	1/8		1/8	1	82	drau-									
10	9	53/2	53/2	0.5	1/2	1/2	Chord	6/8	1	1	1/8		1/8	1	83	-ssen									
10	9	27	27	0.5	5/8	5/8	Chord	6/8	1	1	1/8		1/8	1	84	im									
10	9	49/2	49/2	0.5	0	0	Chord	6/8	2	1	1/8		1/8	1	85			articStaccatoBelow							
10	9	27	27	0.5	5/8	5/8	Chord	6/8	2	1	1/8		1/8	1	86			articStaccatoBelow							
10	9	49/2	49/2	0.5	0	0	Chord	6/8	3	1	1/8		1/8	1	87			articStaccatoAbove							
10	9	27	27	0.5	5/8	5/8	Chord	6/8	3	1	1/8		1/8	1	88			articStaccatoBelow							
11	10	55/2	55/2	1.0	0	0	Chord	6/8	1	1	1/4		1/4	1	89	Schnee,									
11	10	55/2	55/2	0.5	0	0	Chord	6/8	2	1	1/8		1/8	1	90			articStaccatoBelow							
11	10	57/2	57/2	0.0	1/4	1/4	Dynamic	6/8	2	1	0						p								
11	10	57/2	57/2	0.5	1/4	1/4	Chord	6/8	2	1	1/8		1/8	1	91			articStaccatoBelow							
11	10	29	29	0.5	3/8	3/8	Chord	6/8	2	1	1/8		1/8	1	92			articStaccatoBelow							
11	10	30	30	0.5	5/8	5/8	Chord	6/8	2	1	1/8		1/8	1	93			articStaccatoBelow							
11	10	55/2	55/2	0.5	0	0	Chord	6/8	3	1	1/8		1/8	1	94			articStaccatoAbove							
11	10	57/2	57/2	0.5	1/4	1/4	Chord	6/8	3	1	1/8		1/8	1	95			articStaccatoAbove							
11	10	29	29	0.5	3/8	3/8	Chord	6/8	3	1	1/8		1/8	1	96			articStaccatoAbove							
11	10	30	30	0.5	5/8	5/8	Chord	6/8	3	1	1/8		1/8	1	97			articStaccatoAbove							
12	11	63/2	63/2	0.5	1/4	1/4	Chord	6/8	1	1	1/8		1/8	1	98	so									
12	11	32	32	0.5	3/8	3/8	Chord	6/8	1	1	1/8		1/8	1	99	stumm									
12	11	65/2	65/2	0.5	1/2	1/2	Chord	6/8	1	1	1/8		1/8	1	100	und									
12	11	33	33	0.5	5/8	5/8	Chord	6/8	1	1	1/8		1/8	1	101	ver-									
12	11	61/2	61/2	0.5	0	0	Chord	6/8	2	1	1/8		1/8	1	102			articStaccatoBelow							
12	11	33	33	0.5	5/8	5/8	Chord	6/8	2	1	1/8		1/8	1	103			articStaccatoBelow							
12	11	61/2	61/2	0.5	0	0	Chord	6/8	3	1	1/8		1/8	1	104			articStaccatoAbove							
12	11	33	33	0.5	5/8	5/8	Chord	6/8	3	1	1/8		1/8	1	105			articStaccatoBelow							
13	12	67/2	67/2	1.0	0	0	Chord	6/8	1	1	1/4		1/4	1	106	-schwie-									
13	12	69/2	69/2	0.5	1/4	1/4	Chord	6/8	1	1	1/8		1/8	1	107	-gen									
13	12	36	36	0.25	5/8	5/8	Chord	6/8	1	1	1/16		1/16	1	108	sind									
13	12	145/4	145/4	0.25	11/16	11/16	Chord	6/8	1	1	1/16		1/16	1	109	die									
13	12	67/2	67/2	0.5	0	0	Chord	6/8	2	1	1/8		1/8	1	110			articStaccatoBelow							
13	12	69/2	69/2	0.5	1/4	1/4	Chord	6/8	2	1	1/8		1/8	1	111			articStaccatoBelow							
13	12	35	35	0.5	3/8	3/8	Chord	6/8	2	1	1/8		1/8	1	112			articStaccatoBelow							
13	12	71/2	71/2	0.5	1/2	1/2	Chord	6/8	2	1	1/8		1/8	1	113			articStaccatoBelow							
13	12	36	36	0.5	5/8	5/8	Chord	6/8	2	1	1/8		1/8	1	114			articStaccatoBelow							
13	12	67/2	67/2	0.5	0	0	Chord	6/8	3	1	1/8		1/8	1	115			articStaccatoAbove							
13	12	69/2	69/2	0.5	1/4	1/4	Chord	6/8	3	1	1/8		1/8	1	116			articStaccatoAbove							
13	12	35	35	0.5	3/8	3/8	Chord	6/8	3	1	1/8		1/8	1	117			articStaccatoAbove							
13	12	71/2	71/2	0.5	1/2	1/2	Chord	6/8	3	1	1/8		1/8	1	118			articStaccatoAbove							
13	12	36	36	0.5	5/8	5/8	Chord	6/8	3	1	1/8		1/8	1	119			articStaccatoAbove							
14	13	73/2	73/2	1.0	0	0	Chord	6/8	1	1	1/4		1/4	1	120	Ster-									
14	13	75/2	75/2	0.5	1/4	1/4	Chord	6/8	1	1	1/8		1/8	1	121	-ne									
14	13	38	38	0.5	3/8	3/8	Chord	6/8	1	1	1/8		1/8	1	122	nicht									
14	13	77/2	77/2	0.5	1/2	1/2	Chord	6/8	1	1	1/8		1/8	1	123	in									
14	13	39	39	0.5	5/8	5/8	Chord	6/8	1	1	1/8		1/8	1	124	der									
14	13	73/2	73/2	0.5	0	0	Chord	6/8	2	1	1/8		1/8	1	125			articStaccatoBelow							
14	13	73/2	73/2	0.5	0	0	Chord	6/8	3	1	1/8		1/8	1	126			articStaccatoAbove							
15	14	79/2	79/2	1.0	0	0	Chord	6/8	1	1	1/4		1/4	1	127	Höh',									
15	14	42	42	0.5	5/8	5/8	Chord	6/8	1	1	1/8		1/8	1	128	als									
15	14	79/2	79/2	0.5	0	0	Chord	6/8	2	1	1/8		1/8	1	129			articStaccatoBelow							
15	14	81/2	81/2	0.5	1/4	1/4	Chord	6/8	2	1	1/8		1/8	1	130			articStaccatoBelow							
15	14	41	41	0.5	3/8	3/8	Chord	6/8	2	1	1/8		1/8	1	131			articStaccatoBelow							
15	14	83/2	83/2	0.5	1/2	1/2	Chord	6/8	2	1	1/8		1/8	1	132			articStaccatoBelow							
15	14	42	42	0.5	5/8	5/8	Chord	6/8	2	1	1/8		1/8	1	133			articStaccatoBelow							
15	14	79/2	79/2	0.5	0	0	Chord	6/8	3	1	1/8		1/8	1	134			articStaccatoAbove							
15	14	81/2	81/2	0.5	1/4	1/4	Chord	6/8	3	1	1/8		1/8	1	135			articStaccatoAbove							
15	14	41	41	0.5	3/8	3/8	Chord	6/8	3	1	1/8		1/8	1	136			articStaccatoAbove							
15	14	83/2	83/2	0.5	1/2	1/2	Chord	6/8	3	1	1/8		1/8	1	137			articStaccatoAbove							
15	14	42	42	0.5	5/8	5/8	Chord	6/8	3	1	1/8		1/8	1	138			articStaccatoAbove							
16	15	85/2	85/2	0.75	0	0	Chord	6/8	1	1	3/16		1/8	3/2	139	mei-									
16	15	173/4	173/4	0.25	3/16	3/16	Chord	6/8	1	1	1/16		1/16	1	140	-ne									
16	15	87/2	87/2	0.5	1/4	1/4	Chord	6/8	1	1	1/8		1/8	1	141	Ge-									
16	15	44	44	1.0	3/8	3/8	Chord	6/8	1	1	1/4		1/4	1	142	-dan-									
16	15	45	45	0.5	5/8	5/8	Chord	6/8	1	1	1/8		1/8	1	143	-ken									
16	15	85/2	85/2	0.0	0	0	Spanner	6/8	2	1	0													3	
16	15	85/2	85/2	1.5	0	0	Chord	6/8	2	1	3/8		1/4	3/2	144									3	
16	15	44	44	0.0	3/8	3/8	Spanner	6/8	2	1	0														
16	15	44	44	1.5	3/8	3/8	Chord	6/8	2	1	3/8		1/4	3/2	145										
16	15	85/2	85/2	1.5	0	0	Chord	6/8	3	1	3/8		1/4	3/2	146										
16	15	44	44	1.5	3/8	3/8	Chord	6/8	3	1	3/8		1/4	3/2	147										
17	16	91/2	91/2	1.5	0	0	Chord	6/8	1	1	3/8		1/4	3/2	148	sind,									
17	16	47	47	1.0	3/8	3/8	Chord	6/8	1	1	1/4		1/4	1	149										
17	16	48	48	0.5	5/8	5/8	Chord	6/8	1	1	1/8		1/8	1	150	Ich									
17	16	91/2	91/2	1.0	0	0	Chord	6/8	2	1	1/4		1/4	1	151										
17	16	93/2	93/2	0.0	1/4	1/4	Spanner	6/8	2	1	0													4	
17	16	93/2	93/2	0.5	1/4	1/4	Chord	6/8	2	1	1/8		1/8	1	152			articStaccatoAbove				6		4	
17	16	47	47	0.5	3/8	3/8	Chord	6/8	2	1	1/8		1/8	1	153			articStaccatoAbove				6		4	
17	16	48	48	0.5	5/8	5/8	Chord	6/8	2	1	1/8		1/8	1	154			articStaccatoAbove						4	
17	16	91/2	91/2	1.0	0	0	Chord	6/8	3	1	1/4		1/4	1	155										
17	16	93/2	93/2	0.5	1/4	1/4	Chord	6/8	3	1	1/8		1/8	1	156			articStaccatoAbove				7			
17	16	47	47	0.5	3/8	3/8	Chord	6/8	3	1	1/8		1/8	1	157			articStaccatoAbove				7			
17	16	48	48	0.5	5/8	5/8	Chord	6/8	3	1	1/8		1/8	1	158			articStaccatoAbove							
18	17	97/2	97/2	0.0	0	0	Tempo	6/8	1	1	0								Etwaslebhafter	95.0	1.0				
18	17	97/2	97/2	1.0	0	0	Chord	6/8	1	1	1/4		1/4	1	159	wünscht',									
18	17	99/2	99/2	0.5	1/4	1/4	Chord	6/8	1	1	1/8		1/8	1	160	ich									
18	17	50	50	0.5	3/8	3/8	Chord	6/8	1	1	1/8		1/8	1	161	wär'						8			
18	17	101/2	101/2	0.5	1/2	1/2	Chord	6/8	1	1	1/8		1/8	1	162										
18	17	51	51	0.5	5/8	5/8	Chord	6/8	1	1	1/8		1/8	1	163	ein									
18	17	97/2	97/2	0.0	0	0	Spanner	6/8	2	1	0														
18	17	49	49	0.0	1/8	1/8	Spanner	6/8	2	1	0														2
18	17	49	49	0.5	1/8	1/8	Chord	6/8	2	1	1/8		1/8	1	164							9			2
18	17	99/2	99/2	0.5	1/4	1/4	Chord	6/8	2	1	1/8		1/8	1	165							9			2
18	17	50	50	0.5	3/8	3/8	Chord	6/8	2	1	1/8		1/8	1	166							9			2
18	17	101/2	101/2	0.0	1/2	1/2	Spanner	6/8	2	1	0											9			
18	17	101/2	101/2	0.5	1/2	1/2	Chord	6/8	2	1	1/8		1/8	1	167							9			
18	17	51	51	0.5	5/8	5/8	Chord	6/8	2	1	1/8		1/8	1	168										
18	17	49	49	0.0	1/8	1/8	Dynamic	6/8	2	2	0						p								
18	17	49	49	1.0	1/8	1/8	Chord	6/8	2	2	1/4		1/4	1	169										
18	17	50	50	0.5	3/8	3/8	Chord	6/8	2	2	1/8		1/8	1	170										
18	17	97/2	97/2	0.5	0	0	Chord	6/8	3	1	1/8		1/8	1	171										
18	17	49	49	0.5	1/8	1/8	Chord	6/8	3	1	1/8		1/8	1	172							10			
18	17	99/2	99/2	0.5	1/4	1/4	Chord	6/8	3	1	1/8		1/8	1	173							10			
18	17	50	50	0.5	3/8	3/8	Chord	6/8	3	1	1/8		1/8	1	174							10			
18	17	101/2	101/2	0.5	1/2	1/2	Chord	6/8	3	1	1/8		1/8	1	175							10			
18	17	51	51	0.5	5/8	5/8	Chord	6/8	3	1	1/8		1/8	1	176										
19	18	103/2	103/2	1.5	0	0	Chord	6/8	1	1	3/8		1/4	3/2	177	Vög-									
19	18	53	53	1.0	3/8	3/8	Chord	6/8	1	1	1/4		1/4	1	178	-lein									
19	18	54	54	0.5	5/8	5/8	Chord	6/8	1	1	1/8		1/8	1	179	und									
19	18	52	52	0.5	1/8	1/8	Chord	6/8	2	1	1/8		1/8	1	180			articStaccatoBelow							
19	18	105/2	105/2	0.5	1/4	1/4	Chord	6/8	2	1	1/8		1/8	1	181			articStaccatoBelow							
19	18	107/2	107/2	0.5	1/2	1/2	Chord	6/8	2	1	1/8		1/8	1	182			articStaccatoBelow							
19	18	54	54	0.5	5/8	5/8	Chord	6/8	2	1	1/8		1/8	1	183			articStaccatoBelow							
19	18	103/2	103/2	0.5	0	0	Chord	6/8	3	1	1/8		1/8	1	184										
19	18	52	52	0.5	1/8	1/8	Chord	6/8	3	1	1/8		1/8	1	185			articStaccatoAbove							
19	18	105/2	105/2	0.5	1/4	1/4	Chord	6/8	3	1	1/8		1/8	1	186			articStaccatoAbove							
19	18	53	53	0.5	3/8	3/8	Chord	6/8	3	1	1/8		1/8	1	187										
19	18	107/2	107/2	0.5	1/2	1/2	Chord	6/8	3	1	1/8		1/8	1	188			articStaccatoAbove							
19	18	54	54	0.5	5/8	5/8	Chord	6/8	3	1	1/8		1/8	1	189			articStaccatoAbove							
20	19	109/2	109/2	1.0	0	0	Chord	6/8	1	1	1/4		1/4	1	190	zö-									
20	19	111/2	111/2	0.5	1/4	1/4	Chord	6/8	1	1	1/8		1/8	1	191	-ge									
20	19	56	56	0.75	3/8	3/8	Chord	6/8	1	1	3/16		1/8	3/2	192	ü-									
20	19	227/4	227/4	0.25	9/16	9/16	Chord	6/8	1	1	1/16		1/16	1	193	-ber 									
20	19	57	57	0.5	5/8	5/8	Chord	6/8	1	1	1/8		1/8	1	194	das									
20	19	55	55	0.0	1/8	1/8	Spanner	6/8	2	1	0														3
20	19	55	55	0.5	1/8	1/8	Chord	6/8	2	1	1/8		1/8	1	195							11			3
20	19	111/2	111/2	0.5	1/4	1/4	Chord	6/8	2	1	1/8		1/8	1	196							11			3
20	19	56	56	0.5	3/8	3/8	Chord	6/8	2	1	1/8		1/8	1	197							11			3
20	19	113/2	113/2	0.5	1/2	1/2	Chord	6/8	2	1	1/8		1/8	1	198							11			3
20	19	57	57	0.0	5/8	5/8	Spanner	6/8	2	1	0														
20	19	57	57	0.5	5/8	5/8	Chord	6/8	2	1	1/8		1/8	1	199										
20	19	55	55	1.0	1/8	1/8	Chord	6/8	2	2	1/4		1/4	1	200										
20	19	56	56	0.5	3/8	3/8	Chord	6/8	2	2	1/8		1/8	1	201										
20	19	109/2	109/2	0.5	0	0	Chord	6/8	3	1	1/8		1/8	1	202										
20	19	55	55	0.5	1/8	1/8	Chord	6/8	3	1	1/8		1/8	1	203							12			
20	19	111/2	111/2	0.5	1/4	1/4	Chord	6/8	3	1	1/8		1/8	1	204							12			
20	19	56	56	0.5	3/8	3/8	Chord	6/8	3	1	1/8		1/8	1	205							12			
20	19	113/2	113/2	0.5	1/2	1/2	Chord	6/8	3	1	1/8		1/8	1	206							12			
20	19	57	57	0.5	5/8	5/8	Chord	6/8	3	1	1/8		1/8	1	207										
21	20	115/2	115/2	1.5	0	0	Chord	6/8	1	1	3/8		1/4	3/2	208	Meer,									
21	20	60	60	0.5	5/8	5/8	Chord	6/8	1	1	1/8		1/8	1	209	wohl									
21	20	58	58	0.5	1/8	1/8	Chord	6/8	2	1	1/8		1/8	1	210			articStaccatoBelow							
21	20	117/2	117/2	0.5	1/4	1/4	Chord	6/8	2	1	1/8		1/8	1	211			articStaccatoBelow							
21	20	119/2	119/2	0.5	1/2	1/2	Chord	6/8	2	1	1/8		1/8	1	212			articStaccatoBelow							
21	20	60	60	0.5	5/8	5/8	Chord	6/8	2	1	1/8		1/8	1	213			articStaccatoBelow							
21	20	115/2	115/2	0.5	0	0	Chord	6/8	3	1	1/8		1/8	1	214										
21	20	58	58	0.5	1/8	1/8	Chord	6/8	3	1	1/8		1/8	1	215			articStaccatoAbove							
21	20	117/2	117/2	0.5	1/4	1/4	Chord	6/8	3	1	1/8		1/8	1	216			articStaccatoAbove							
21	20	59	59	0.5	3/8	3/8	Chord	6/8	3	1	1/8		1/8	1	217										
21	20	119/2	119/2	0.5	1/2	1/2	Chord	6/8	3	1	1/8		1/8	1	218			articStaccatoAbove							
21	20	60	60	0.5	5/8	5/8	Chord	6/8	3	1	1/8		1/8	1	219			articStaccatoAbove							
22	21	121/2	121/2	0.75	0	0	Chord	6/8	1	1	3/16		1/8	3/2	220	ü-									
22	21	245/4	245/4	0.25	3/16	3/16	Chord	6/8	1	1	1/16		1/16	1	221	-ber 									
22	21	123/2	123/2	0.0	1/4	1/4	Spanner	6/8	1	1	0													5	
22	21	123/2	123/2	0.5	1/4	1/4	Chord	6/8	1	1	1/8		1/8	1	222	das								5	
22	21	62	62	0.5	3/8	3/8	Chord	6/8	1	1	1/8		1/8	1	223	Meer						13		5	
22	21	125/2	125/2	0.5	1/2	1/2	Chord	6/8	1	1	1/8		1/8	1	224									5	
22	21	63	63	0.5	5/8	5/8	Chord	6/8	1	1	1/8		1/8	1	225	und								5	
22	21	121/2	121/2	0.0	0	0	Spanner	6/8	2	1	0													6	
22	21	121/2	121/2	1.0	0	0	Chord	6/8	2	1	1/4		1/4	1	226									6	
22	21	123/2	123/2	0.5	1/4	1/4	Chord	6/8	2	1	1/8		1/8	1	227									6	
22	21	62	62	0.75	3/8	3/8	Chord	6/8	2	1	3/16		1/8	3/2	228									6	
22	21	251/4	251/4	0.25	9/16	9/16	Chord	6/8	2	1	1/16		1/16	1	229									6	
22	21	63	63	0.0	5/8	5/8	Spanner	6/8	2	1	0														
22	21	63	63	0.5	5/8	5/8	Chord	6/8	2	1	1/8		1/8	1	230										
22	21	121/2	121/2	1.0	0	0	Chord	6/8	3	1	1/4		1/4	1	231										
22	21	123/2	123/2	0.5	1/4	1/4	Chord	6/8	3	1	1/8		1/8	1	232										
22	21	62	62	0.75	3/8	3/8	Chord	6/8	3	1	3/16		1/8	3/2	233										
22	21	251/4	251/4	0.25	9/16	9/16	Chord	6/8	3	1	1/16		1/16	1	234										
22	21	63	63	0.5	5/8	5/8	Chord	6/8	3	1	1/8		1/8	1	235										
23	22	127/2	127/2	0.0	0	0	Spanner	6/8	1	1	0														
23	22	127/2	127/2	1.0	0	0	Chord	6/8	1	1	1/4		1/4	1	236	wei-									
23	22	129/2	129/2	0.5	1/4	1/4	Chord	6/8	1	1	1/8		1/8	1	237	-ter,									
23	22	65	65	1.5	3/8	3/8	Chord	6/8	1	1	3/8		1/4	3/2	238	bis									
23	22	127/2	127/2	1.0	0	0	Chord	6/8	2	1	1/4		1/4	1	239							14			
23	22	129/2	129/2	0.5	1/4	1/4	Chord	6/8	2	1	1/8		1/8	1	240										
23	22	65	65	1.5	3/8	3/8	Chord	6/8	2	1	3/8		1/4	3/2	241										
23	22	127/2	127/2	1.5	0	0	Chord	6/8	2	2	3/8		1/4	3/2	242										
23	22	127/2	127/2	1.0	0	0	Chord	6/8	3	1	1/4		1/4	1	243							15			
23	22	129/2	129/2	0.5	1/4	1/4	Chord	6/8	3	1	1/8		1/8	1	244										
23	22	66	66	0.5	5/8	5/8	Chord	6/8	3	1	1/8		1/8	1	245							16			
23	22	65	65	1.5	3/8	3/8	Chord	6/8	3	2	3/8		1/4	3/2	246			articAccentAbove							
24	23	133/2	133/2	0.75	0	0	Chord	6/8	1	1	3/16		1/8	3/2	247	dass									
24	23	269/4	269/4	0.25	3/16	3/16	Chord	6/8	1	1	1/16		1/16	1	248	ich									
24	23	135/2	135/2	0.5	1/4	1/4	Chord	6/8	1	1	1/8		1/8	1	249	im									
24	23	68	68	0.0	3/8	3/8	Spanner	6/8	1	1	0														4
24	23	68	68	1.0	3/8	3/8	Chord	6/8	1	1	1/4		1/4	1	250	Him-									4
24	23	69	69	0.5	5/8	5/8	Chord	6/8	1	1	1/8		1/8	1	251	-mel									4
24	23	133/2	133/2	0.0	0	0	Spanner	6/8	2	1	0													7	
24	23	133/2	133/2	1.0	0	0	Chord	6/8	2	1	1/4		1/4	1	252									7	
24	23	135/2	135/2	0.0	1/4	1/4	Spanner	6/8	2	1	0														
24	23	135/2	135/2	0.5	1/4	1/4	Chord	6/8	2	1	1/8		1/8	1	253										
24	23	68	68	0.5	3/8	3/8	Chord	6/8	2	1	1/8		1/8	1	254										
24	23	137/2	137/2	0.0	1/2	1/2	Spanner	6/8	2	1	0														5
24	23	137/2	137/2	1.0	1/2	1/2	Chord	6/8	2	1	1/4		1/4	1	255										5
24	23	133/2	133/2	1.0	0	0	Chord	6/8	3	1	1/4		1/4	1	256							16			
24	23	135/2	135/2	0.5	1/4	1/4	Chord	6/8	3	1	1/8		1/8	1	257							16			
24	23	68	68	0.5	3/8	3/8	Chord	6/8	3	1	1/8		1/8	1	258							16			
24	23	133/2	133/2	1.0	0	0	Chord	6/8	3	2	1/4		1/4	1	259										
24	23	135/2	135/2	0.5	1/4	1/4	Chord	6/8	3	2	1/8		1/8	1	260										
24	23	68	68	0.5	3/8	3/8	Chord	6/8	3	2	1/8		1/8	1	261										
24	23	137/2	137/2	0.5	1/2	1/2	Chord	6/8	3	2	1/8		1/8	1	262										
24	23	69	69	0.5	5/8	5/8	Chord	6/8	3	2	1/8		1/8	1	263										
25	24	139/2	139/2	0.0	0	0	Spanner	6/8	1	1	0														
25	24	139/2	139/2	1.5	0	0	Chord	6/8	1	1	3/8		1/4	3/2	264	wär'.									
25	24	72	72	0.0	5/8	5/8	Dynamic	6/8	1	1	0						p								
25	24	72	72	0.5	5/8	5/8	Chord	6/8	1	1	1/8		1/8	1	265	Es									
25	24	139/2	139/2	0.5	0	0	Chord	6/8	2	1	1/8		1/8	1	266										5
25	24	70	70	0.0	1/8	1/8	Spanner	6/8	2	1	0														
25	24	141/2	141/2	0.0	1/4	1/4	Spanner	6/8	2	1	0														6
25	24	141/2	141/2	0.5	1/4	1/4	Chord	6/8	2	1	1/8		1/8	1	267			articStaccatoAbove				17			6
25	24	71	71	0.0	3/8	3/8	Spanner	6/8	2	1	0														
25	24	71	71	0.5	3/8	3/8	Chord	6/8	2	1	1/8		1/8	1	268			articStaccatoAbove							
25	24	72	72	0.0	5/8	5/8	Dynamic	6/8	2	1	0						p								
25	24	72	72	0.5	5/8	5/8	Chord	6/8	2	1	1/8		1/8	1	269			articStaccatoBelow							
25	24	139/2	139/2	0.5	0	0	Chord	6/8	3	1	1/8		1/8	1	270										
25	24	141/2	141/2	0.5	1/4	1/4	Chord	6/8	3	1	1/8		1/8	1	271			articStaccatoAbove				18			
25	24	71	71	0.5	3/8	3/8	Chord	6/8	3	1	1/8		1/8	1	272			articStaccatoAbove							
25	24	72	72	0.5	5/8	5/8	Chord	6/8	3	1	1/8		1/8	1	273			articStaccatoAbove							
26	25	145/2	145/2	0.0	0	0	Tempo	6/8	1	1	0								ErstesTempo	80.0	1.0				
26	25	145/2	145/2	0.5	0	0	Chord	6/8	1	1	1/8		1/8	1	274	weiss									
26	25	147/2	147/2	0.5	1/4	1/4	Chord	6/8	1	1	1/8		1/8	1	275	und									
26	25	74	74	0.75	3/8	3/8	Chord	6/8	1	1	3/16		1/8	3/2	276	räth'									
26	25	299/4	299/4	0.25	9/16	9/16	Chord	6/8	1	1	1/16		1/16	1	277	es									
26	25	75	75	0.5	5/8	5/8	Chord	6/8	1	1	1/8		1/8	1	278	doch									
26	25	145/2	145/2	0.5	0	0	Chord	6/8	2	1	1/8		1/8	1	279			articStaccatoBelow							
26	25	147/2	147/2	0.5	1/4	1/4	Chord	6/8	2	1	1/8		1/8	1	280			articStaccatoBelow							
26	25	74	74	0.5	3/8	3/8	Chord	6/8	2	1	1/8		1/8	1	281			articStaccatoBelow							
26	25	75	75	0.5	5/8	5/8	Chord	6/8	2	1	1/8		1/8	1	282			articStaccatoBelow							
26	25	145/2	145/2	0.5	0	0	Chord	6/8	3	1	1/8		1/8	1	283			articStaccatoAbove							
26	25	147/2	147/2	0.5	1/4	1/4	Chord	6/8	3	1	1/8		1/8	1	284			articStaccatoAbove							
26	25	74	74	0.5	3/8	3/8	Chord	6/8	3	1	1/8		1/8	1	285			articStaccatoAbove							
26	25	75	75	0.5	5/8	5/8	Chord	6/8	3	1	1/8		1/8	1	286			articStaccatoAbove							
27	26	151/2	151/2	1.5	0	0	Chord	6/8	1	1	3/8		1/4	3/2	287	Kei-									
27	26	77	77	1.0	3/8	3/8	Chord	6/8	1	1	1/4		1/4	1	288	-ner,									
27	26	151/2	151/2	1.5	0	0	Chord	6/8	2	1	3/8		1/4	3/2	289							19			
27	26	77	77	1.5	3/8	3/8	Chord	6/8	2	1	3/8		1/4	3/2	290										
27	26	151/2	151/2	1.5	0	0	Chord	6/8	3	1	3/8		1/4	3/2	291							20			
27	26	77	77	1.0	3/8	3/8	Chord	6/8	3	1	1/4		1/4	1	292										
28	27	157/2	157/2	0.5	0	0	Chord	6/8	1	1	1/8		1/8	1	293	wie									
28	27	79	79	0.5	1/8	1/8	Chord	6/8	1	1	1/8		1/8	1	294	mir									
28	27	159/2	159/2	0.5	1/4	1/4	Chord	6/8	1	1	1/8		1/8	1	295	so									
28	27	80	80	0.5	3/8	3/8	Chord	6/8	1	1	1/8		1/8	1	296	wohl									
28	27	161/2	161/2	0.75	1/2	1/2	Chord	6/8	1	1	3/16		1/8	3/2	297	ist,									
28	27	325/4	325/4	0.25	11/16	11/16	Chord	6/8	1	1	1/16		1/16	1	298	so									
28	27	157/2	157/2	0.5	0	0	Chord	6/8	2	1	1/8		1/8	1	299			articStaccatoBelow							
28	27	80	80	0.5	3/8	3/8	Chord	6/8	2	1	1/8		1/8	1	300			articStaccatoBelow							
28	27	157/2	157/2	0.5	0	0	Chord	6/8	3	1	1/8		1/8	1	301			articStaccatoAbove							
28	27	80	80	0.5	3/8	3/8	Chord	6/8	3	1	1/8		1/8	1	302			articStaccatoAbove							
29	28	163/2	163/2	1.0	0	0	Chord	6/8	1	1	1/4		1/4	1	303	wohl,									
29	28	84	84	0.5	5/8	5/8	Chord	6/8	1	1	1/8		1/8	1	304	ach!									
29	28	163/2	163/2	0.5	0	0	Chord	6/8	2	1	1/8		1/8	1	305			articStaccatoBelow							
29	28	163/2	163/2	0.5	0	0	Chord	6/8	3	1	1/8		1/8	1	306			articStaccatoAbove							
30	29	169/2	169/2	0.75	0	0	Chord	6/8	1	1	3/16		1/8	3/2	307	wüsst'									
30	29	341/4	341/4	0.25	3/16	3/16	Chord	6/8	1	1	1/16		1/16	1	308	es									
30	29	171/2	171/2	0.5	1/4	1/4	Chord	6/8	1	1	1/8		1/8	1	309	nur									
30	29	86	86	0.5	3/8	3/8	Chord	6/8	1	1	1/8		1/8	1	310	Ei-									
30	29	173/2	173/2	0.5	1/2	1/2	Chord	6/8	1	1	1/8		1/8	1	311	-ner,									
30	29	87	87	0.5	5/8	5/8	Chord	6/8	1	1	1/8		1/8	1	312	nur									
30	29	169/2	169/2	0.5	0	0	Chord	6/8	2	1	1/8		1/8	1	313			articStaccatoBelow							
30	29	171/2	171/2	0.5	1/4	1/4	Chord	6/8	2	1	1/8		1/8	1	314			articStaccatoBelow							
30	29	86	86	0.0	3/8	3/8	Spanner	6/8	2	1	0													8	
30	29	86	86	0.5	3/8	3/8	Chord	6/8	2	1	1/8		1/8	1	315			articStaccatoBelow						8	
30	29	87	87	0.5	5/8	5/8	Chord	6/8	2	1	1/8		1/8	1	316			articStaccatoBelow						8	
30	29	169/2	169/2	0.5	0	0	Chord	6/8	3	1	1/8		1/8	1	317			articStaccatoAbove							
30	29	171/2	171/2	0.5	1/4	1/4	Chord	6/8	3	1	1/8		1/8	1	318			articStaccatoAbove							
30	29	86	86	0.5	3/8	3/8	Chord	6/8	3	1	1/8		1/8	1	319			articStaccatoAbove							
30	29	87	87	0.5	5/8	5/8	Chord	6/8	3	1	1/8		1/8	1	320			articStaccatoAbove							
31	30	175/2	175/2	0.0	0	0	Spanner	6/8	1	1	0													9	
31	30	175/2	175/2	0.0	0	0	Chord	6/8	1	1	0	grace16after	1/16	1	321									9	
31	30	175/2	175/2	1.5	0	0	Chord	6/8	1	1	3/8		1/4	3/2	322	Ei-								9	
31	30	89	89	1.0	3/8	3/8	Chord	6/8	1	1	1/4		1/4	1	323	-ner,								9	
31	30	90	90	0.0	5/8	5/8	Spanner	6/8	1	1	0														
31	30	90	90	0.5	5/8	5/8	Chord	6/8	1	1	1/8		1/8	1	324	kein									
31	30	175/2	175/2	0.0	0	0	Spanner	6/8	2	1	0														
31	30	175/2	175/2	0.0	0	0	Spanner	6/8	2	1	0													10	
31	30	175/2	175/2	1.5	0	0	Chord	6/8	2	1	3/8		1/4	3/2	325									10	
31	30	89	89	0.0	3/8	3/8	Spanner	6/8	2	1	0														
31	30	89	89	1.5	3/8	3/8	Chord	6/8	2	1	3/8		1/4	3/2	326			articAccentAbove				21			
31	30	175/2	175/2	1.5	0	0	Chord	6/8	3	1	3/8		1/4	3/2	327										
31	30	89	89	1.5	3/8	3/8	Chord	6/8	3	1	3/8		1/4	3/2	328			articAccentAbove				22			
32	31	181/2	181/2	0.5	0	0	Chord	6/8	1	1	1/8		1/8	1	329	Mensch									
32	31	91	91	0.5	1/8	1/8	Chord	6/8	1	1	1/8		1/8	1	330	es									
32	31	183/2	183/2	0.5	1/4	1/4	Chord	6/8	1	1	1/8		1/8	1	331	sonst									
32	31	92	92	0.5	3/8	3/8	Chord	6/8	1	1	1/8		1/8	1	332	wis-						23			
32	31	185/2	185/2	0.5	1/2	1/2	Chord	6/8	1	1	1/8		1/8	1	333										
32	31	93	93	0.5	5/8	5/8	Chord	6/8	1	1	1/8		1/8	1	334	-sen									
32	31	181/2	181/2	0.5	0	0	Chord	6/8	2	1	1/8		1/8	1	335										
32	31	183/2	183/2	0.5	1/4	1/4	Chord	6/8	2	1	1/8		1/8	1	336										
32	31	92	92	0.5	3/8	3/8	Chord	6/8	2	1	1/8		1/8	1	337										
32	31	93	93	0.5	5/8	5/8	Chord	6/8	2	1	1/8		1/8	1	338			articStaccatoAbove				24			
32	31	181/2	181/2	0.5	0	0	Chord	6/8	3	1	1/8		1/8	1	339										
32	31	183/2	183/2	0.5	1/4	1/4	Chord	6/8	3	1	1/8		1/8	1	340										
32	31	92	92	0.5	3/8	3/8	Chord	6/8	3	1	1/8		1/8	1	341										
32	31	93	93	0.5	5/8	5/8	Chord	6/8	3	1	1/8		1/8	1	342			articStaccatoAbove				25			
33	32	187/2	187/2	0.5	0	0	Chord	6/8	1	1	1/8		1/8	1	343	sollt',									
33	32	95	95	0.0	3/8	3/8	Dynamic	6/8	1	1	0						p								
33	32	95	95	1.5	3/8	3/8	Chord	6/8	1	1	3/8		1/4	3/2	344	kein									
33	32	187/2	187/2	0.5	0	0	Chord	6/8	2	1	1/8		1/8	1	345			articStaccatoAbove							
33	32	95	95	1.5	3/8	3/8	Chord	6/8	2	1	3/8		1/4	3/2	346										
33	32	187/2	187/2	0.5	0	0	Chord	6/8	3	1	1/8		1/8	1	347			articStaccatoAbove							
33	32	95	95	1.5	3/8	3/8	Chord	6/8	3	1	3/8		1/4	3/2	348										
34	33	193/2	193/2	0.0	0	0	Tempo	6/8	1	1	0								T	70.0	0.0				
34	33	193/2	193/2	0.0	0	0	Spanner	6/8	1	1	0												0		
34	33	193/2	193/2	0.5	0	0	Chord	6/8	1	1	1/8		1/8	1	349	Mensch 							0		
34	33	97	97	0.0	1/8	1/8	Spanner	6/8	1	1	0														
34	33	97	97	0.5	1/8	1/8	Chord	6/8	1	1	1/8		1/8	1	350	es									
34	33	195/2	195/2	0.0	1/4	1/4	Tempo	6/8	1	1	0								T	65.0	0.0				
34	33	195/2	195/2	0.5	1/4	1/4	Chord	6/8	1	1	1/8		1/8	1	351	sonst									
34	33	98	98	0.0	3/8	3/8	Tempo	6/8	1	1	0								T	60.0	0.0				
34	33	98	98	1.0	3/8	3/8	Chord	6/8	1	1	1/4		1/4	1	352	wis-									
34	33	99	99	0.5	5/8	5/8	Chord	6/8	1	1	1/8		1/8	1	353	-sen									
34	33	193/2	193/2	0.0	0	0	Spanner	6/8	2	1	0												1		
34	33	193/2	193/2	1.0	0	0	Chord	6/8	2	1	1/4		1/4	1	354							26	1		
34	33	195/2	195/2	0.0	1/4	1/4	Spanner	6/8	2	1	0											26			
34	33	195/2	195/2	0.5	1/4	1/4	Chord	6/8	2	1	1/8		1/8	1	355							26			
34	33	98	98	0.5	3/8	3/8	Chord	6/8	2	1	1/8		1/8	1	356										
34	33	99	99	0.5	5/8	5/8	Chord	6/8	2	1	1/8		1/8	1	357			articStaccatoBelow							
34	33	193/2	193/2	1.0	0	0	Chord	6/8	3	1	1/4		1/4	1	358										
34	33	195/2	195/2	0.5	1/4	1/4	Chord	6/8	3	1	1/8		1/8	1	359										
34	33	98	98	0.5	3/8	3/8	Chord	6/8	3	1	1/8		1/8	1	360										
34	33	99	99	0.5	5/8	5/8	Chord	6/8	3	1	1/8		1/8	1	361			articStaccatoAbove							
35	34	199/2	199/2	1.5	0	0	Chord	6/8	1	1	3/8		1/4	3/2	362	sollt'.									
35	34	199/2	199/2	0.5	0	0	Chord	6/8	2	1	1/8		1/8	1	363			articStaccatoBelow							
35	34	201/2	201/2	0.0	1/4	1/4	Dynamic	6/8	2	1	0						p								
35	34	199/2	199/2	0.5	0	0	Chord	6/8	3	1	1/8		1/8	1	364			articStaccatoAbove							
35	34	201/2	201/2	0.5	1/4	1/4	Chord	6/8	3	1	1/8		1/8	1	365			articStaccatoAbove							
35	34	101	101	0.5	3/8	3/8	Chord	6/8	3	1	1/8		1/8	1	366			articStaccatoAbove							
35	34	102	102	0.5	5/8	5/8	Chord	6/8	3	1	1/8		1/8	1	367			articStaccatoAbove							
36	35	205/2	205/2	0.0	0	0	Spanner	6/8	2	1	0													11	
36	35	207/2	207/2	0.5	1/4	1/4	Chord	6/8	2	1	1/8		1/8	1	368			articStaccatoBelow						11	
36	35	104	104	0.5	3/8	3/8	Chord	6/8	2	1	1/8		1/8	1	369			articStaccatoBelow						11	
36	35	209/2	209/2	0.0	1/2	1/2	Spanner	6/8	2	1	0														
36	35	105	105	0.0	5/8	5/8	Spanner	6/8	2	1	0														7
36	35	105	105	0.5	5/8	5/8	Chord	6/8	2	1	1/8		1/8	1	370			articStaccatoBelow							7
36	35	205/2	205/2	1.5	0	0	Chord	6/8	3	1	3/8		1/4	3/2	371										
36	35	104	104	1.0	3/8	3/8	Chord	6/8	3	1	1/4		1/4	1	372										
36	35	105	105	0.5	5/8	5/8	Chord	6/8	3	1	1/8		1/8	1	373			articStaccatoAbove							
37	36	211/2	211/2	0.5	0	0	Chord	6/8	2	1	1/8		1/8	1	374			articStaccatoBelow							7
37	36	106	106	0.0	1/8	1/8	Spanner	6/8	2	1	0														
37	36	211/2	211/2	0.5	0	0	Chord	6/8	3	1	1/8		1/8	1	375			articStaccatoAbove							
37	36	213/2	213/2	0.5	1/4	1/4	Chord	6/8	3	1	1/8		1/8	1	376			articStaccatoBelow							
37	36	107	107	0.5	3/8	3/8	Chord	6/8	3	1	1/8		1/8	1	377			articStaccatoAbove							
37	36	108	108	0.5	5/8	5/8	Chord	6/8	3	1	1/8		1/8	1	378			articStaccatoBelow							
38	37	217/2	217/2	0.0	0	0	Spanner	6/8	2	1	0													12	
38	37	219/2	219/2	0.5	1/4	1/4	Chord	6/8	2	1	1/8		1/8	1	379									12	
38	37	110	110	0.0	3/8	3/8	Spanner	6/8	2	1	0														
38	37	110	110	0.0	3/8	3/8	Spanner	6/8	2	1	0														8
38	37	110	110	0.5	3/8	3/8	Chord	6/8	2	1	1/8		1/8	1	380										8
38	37	111	111	0.5	5/8	5/8	Chord	6/8	2	1	1/8		1/8	1	381			articStaccatoAbove							8
38	37	217/2	217/2	1.5	0	0	Chord	6/8	3	1	3/8		1/4	3/2	382										
38	37	110	110	1.0	3/8	3/8	Chord	6/8	3	1	1/4		1/4	1	383										
38	37	111	111	0.5	5/8	5/8	Chord	6/8	3	1	1/8		1/8	1	384			articStaccatoBelow							
39	38	223/2	223/2	0.0	0	0	Spanner	6/8	2	1	0														
39	38	223/2	223/2	0.5	0	0	Chord	6/8	2	1	1/8		1/8	1	385			articStaccatoAbove							
39	38	113	113	1.5	3/8	3/8	Chord	6/8	2	1	3/8		1/4	3/2	386										
39	38	223/2	223/2	0.5	0	0	Chord	6/8	3	1	1/8		1/8	1	387			articStaccatoBelow							
39	38	225/2	225/2	0.5	1/4	1/4	Chord	6/8	3	1	1/8		1/8	1	388							27			
39	38	113	113	0.5	3/8	3/8	Chord	6/8	3	1	1/8		1/8	1	389							27			
39	38	227/2	227/2	0.5	1/2	1/2	Chord	6/8	3	1	1/8		1/8	1	390							27			
39	38	114	114	0.5	5/8	5/8	Chord	6/8	3	1	1/8		1/8	1	391							27			
39	38	227/2	227/2	1.0	1/2	1/2	Chord	6/8	3	2	1/4		1/4	1	392										
40	39	229/2	229/2	1.0	0	0	Chord	6/8	2	1	1/4		1/4	1	393										
40	39	229/2	229/2	1.0	0	0	Chord	6/8	3	1	1/4		1/4	1	394										
